time,frequency,amplitude,harmonic_index
0.000000,466.163762,0.503937,0
0.000000,456.367865,0.503937,0
0.010000,456.367865,0.503937,0
0.020000,456.367865,0.503937,0
0.030000,456.367865,0.503937,0
0.040000,456.367865,0.503937,0
0.050000,456.367865,0.503937,0
0.060000,456.367865,0.503937,0
0.070000,456.367865,0.503937,0
0.080000,456.367865,0.503937,0
0.090000,456.367865,0.503937,0
0.100000,456.367865,0.503937,0
0.110000,456.367865,0.503937,0
0.120000,456.367865,0.503937,0
0.130000,456.367865,0.503937,0
0.140000,456.367865,0.503937,0
0.150000,456.367865,0.503937,0
0.160000,456.367865,0.503937,0
0.170000,456.367865,0.503937,0
0.180000,456.367865,0.503937,0
0.190000,456.367865,0.503937,0
0.200000,456.367865,0.503937,0
0.210000,456.367865,0.503937,0
0.220000,456.367865,0.503937,0
0.230000,456.367865,0.503937,0
0.240000,456.367865,0.503937,0
0.250000,456.367865,0.503937,0
0.260000,456.367865,0.503937,0
0.270000,456.367865,0.503937,0
0.280000,456.367865,0.503937,0
0.290000,456.367865,0.503937,0
0.300000,456.367865,0.503937,0
0.310000,456.367865,0.503937,0
0.320000,456.367865,0.503937,0
0.330000,456.367865,0.503937,0
0.340000,456.367865,0.503937,0
0.350000,456.367865,0.503937,0
0.360000,456.367865,0.503937,0
0.370000,456.367865,0.503937,0
0.380000,456.367865,0.503937,0
0.390000,456.367865,0.503937,0
0.400000,456.367865,0.503937,0
0.410000,456.367865,0.503937,0
0.420000,456.367865,0.503937,0
0.430000,456.367865,0.503937,0
0.440000,456.367865,0.503937,0
0.450000,456.367865,0.503937,0
0.460000,456.367865,0.503937,0
0.470000,456.367865,0.503937,0
0.480000,456.367865,0.503937,0
0.490000,456.367865,0.503937,0
0.500000,456.367865,0.503937,0
0.510000,456.367865,0.503937,0
0.520000,456.367865,0.503937,0
0.530000,456.367865,0.503937,0
0.540000,456.367865,0.503937,0
0.550000,456.367865,0.503937,0
0.560000,456.367865,0.503937,0
0.570000,456.367865,0.503937,0
0.580000,456.367865,0.503937,0
0.590000,456.367865,0.503937,0
0.600000,456.367865,0.503937,0
0.610000,456.367865,0.503937,0
0.620000,456.367865,0.503937,0
0.630000,456.367865,0.503937,0
0.640000,456.367865,0.503937,0
0.650000,456.367865,0.503937,0
0.660000,456.367865,0.503937,0
0.670000,456.367865,0.503937,0
0.680000,456.367865,0.503937,0
0.690000,456.367865,0.503937,0
0.700000,456.367865,0.503937,0
0.710000,456.367865,0.503937,0
0.720000,456.367865,0.503937,0
0.730000,456.367865,0.503937,0
0.740000,456.367865,0.503937,0
0.750000,456.367865,0.503937,0
0.760000,456.367865,0.503937,0
0.770000,456.367865,0.503937,0
0.780000,456.367865,0.503937,0
0.790000,456.367865,0.503937,0
0.800000,456.367865,0.503937,0
0.810000,456.367865,0.503937,0
0.820000,456.367865,0.503937,0
0.830000,456.367865,0.503937,0
0.840000,456.367865,0.503937,0
0.850000,456.367865,0.503937,0
0.860000,456.367865,0.503937,0
0.870000,456.367865,0.503937,0
0.880000,456.367865,0.503937,0
0.890000,456.367865,0.503937,0
0.900000,456.367865,0.503937,0
0.910000,456.367865,0.503937,0
0.920000,456.367865,0.503937,0
0.930000,456.367865,0.503937,0
0.940000,456.367865,0.503937,0
0.950000,456.367865,0.503937,0
0.960000,456.367865,0.503937,0
0.970000,456.367865,0.503937,0
0.980000,456.367865,0.503937,0
0.990000,456.367865,0.503937,0
1.000000,456.367865,0.503937,0
1.010000,456.367865,0.503937,0
1.020000,456.367865,0.503937,0
1.030000,456.367865,0.503937,0
1.040000,456.367865,0.503937,0
1.050000,456.367865,0.503937,0
1.060000,456.367865,0.503937,0
1.070000,456.367865,0.503937,0
1.080000,456.367865,0.503937,0
1.090000,456.367865,0.503937,0
1.100000,456.367865,0.503937,0
1.110000,456.367865,0.503937,0
1.120000,456.367865,0.503937,0
1.130000,456.367865,0.503937,0
1.140000,456.367865,0.503937,0
1.150000,456.367865,0.503937,0
1.160000,456.367865,0.503937,0
1.170000,456.367865,0.503937,0
1.180000,456.367865,0.503937,0
1.190000,456.367865,0.503937,0
1.200000,456.367865,0.503937,0
1.210000,456.367865,0.503937,0
1.220000,456.367865,0.503937,0
1.230000,456.367865,0.503937,0
1.240000,456.367865,0.503937,0
1.250000,456.367865,0.503937,0
1.260000,456.367865,0.503937,0
1.270000,456.367865,0.503937,0
1.280000,456.367865,0.503937,0
1.290000,456.367865,0.503937,0
1.300000,456.367865,0.503937,0
1.310000,456.367865,0.503937,0
1.320000,456.367865,0.503937,0
1.330000,456.367865,0.503937,0
1.340000,456.367865,0.503937,0
1.350000,456.367865,0.503937,0
1.360000,456.367865,0.503937,0
1.370000,456.367865,0.503937,0
1.380000,456.367865,0.503937,0
1.390000,456.367865,0.503937,0
1.400000,456.367865,0.503937,0
1.410000,456.367865,0.503937,0
1.420000,456.367865,0.503937,0
1.430000,456.367865,0.503937,0
1.440000,456.367865,0.503937,0
1.450000,456.367865,0.503937,0
1.460000,456.367865,0.503937,0
1.470000,456.367865,0.503937,0
1.480000,456.367865,0.503937,0
1.490000,456.367865,0.503937,0
1.500000,456.367865,0.503937,0
1.510000,456.367865,0.503937,0
1.520000,456.367865,0.503937,0
1.530000,456.367865,0.503937,0
1.540000,456.367865,0.503937,0
1.550000,456.367865,0.503937,0
1.560000,456.367865,0.503937,0
1.570000,456.367865,0.503937,0
1.580000,456.367865,0.503937,0
1.590000,456.367865,0.503937,0
1.600000,456.367865,0.503937,0
1.610000,456.367865,0.503937,0
1.620000,456.367865,0.503937,0
1.630000,456.367865,0.503937,0
1.640000,456.367865,0.503937,0
1.650000,456.367865,0.503937,0
1.660000,456.367865,0.503937,0
1.670000,456.367865,0.503937,0
1.680000,456.367865,0.503937,0
1.690000,456.367865,0.503937,0
1.700000,456.367865,0.503937,0
1.710000,456.367865,0.503937,0
1.720000,456.367865,0.503937,0
1.730000,456.367865,0.503937,0
1.740000,456.367865,0.503937,0
1.750000,456.367865,0.503937,0
1.760000,456.367865,0.503937,0
1.770000,456.367865,0.503937,0
1.780000,456.367865,0.503937,0
1.790000,456.367865,0.503937,0
1.800000,456.367865,0.503937,0
1.810000,456.367865,0.503937,0
1.820000,456.367865,0.503937,0
1.830000,456.367865,0.503937,0
1.840000,456.367865,0.503937,0
1.850000,456.367865,0.503937,0
1.860000,456.367865,0.503937,0
1.870000,456.367865,0.503937,0
1.880000,456.367865,0.503937,0
1.890000,456.367865,0.503937,0
1.900000,456.367865,0.503937,0
1.910000,456.367865,0.503937,0
1.920000,456.367865,0.503937,0
1.930000,456.367865,0.503937,0
1.940000,456.367865,0.503937,0
1.950000,456.367865,0.503937,0
1.960000,456.367865,0.503937,0
1.970000,456.367865,0.503937,0
1.980000,456.367865,0.503937,0
1.990000,456.367865,0.503937,0
2.000000,456.367865,0.503937,0
2.010000,456.367865,0.503937,0
2.020000,456.367865,0.503937,0
2.030000,456.367865,0.503937,0
2.040000,456.367865,0.503937,0
2.050000,456.367865,0.503937,0
2.060000,456.367865,0.503937,0
2.070000,456.367865,0.503937,0
2.080000,456.367865,0.503937,0
2.090000,456.367865,0.503937,0
2.100000,456.367865,0.503937,0
2.110000,456.367865,0.503937,0
2.120000,456.367865,0.503937,0
2.130000,456.367865,0.503937,0
2.140000,456.367865,0.503937,0
2.150000,456.367865,0.503937,0
2.160000,456.367865,0.503937,0
2.170000,456.367865,0.503937,0
2.180000,456.367865,0.503937,0
2.190000,456.367865,0.503937,0
2.200000,456.367865,0.503937,0
2.210000,456.367865,0.503937,0
2.220000,456.367865,0.503937,0
2.230000,456.367865,0.503937,0
2.240000,456.367865,0.503937,0
2.250000,456.367865,0.503937,0
2.260000,456.367865,0.503937,0
2.270000,456.367865,0.503937,0
2.280000,456.367865,0.503937,0
2.290000,456.367865,0.503937,0
2.300000,456.367865,0.503937,0
2.310000,456.367865,0.503937,0
2.320000,456.367865,0.503937,0
2.330000,456.367865,0.503937,0
2.340000,456.367865,0.503937,0
2.350000,456.367865,0.503937,0
2.360000,456.367865,0.503937,0
2.370000,456.367865,0.503937,0
2.380000,456.367865,0.503937,0
2.390000,456.367865,0.503937,0
2.400000,456.367865,0.503937,0
2.410000,456.367865,0.503937,0
2.420000,456.367865,0.503937,0
2.430000,456.367865,0.503937,0
2.440000,456.367865,0.503937,0
2.450000,456.367865,0.503937,0
2.460000,456.367865,0.503937,0
2.470000,456.367865,0.503937,0
2.480000,456.367865,0.503937,0
2.490000,456.367865,0.503937,0
2.500000,456.367865,0.503937,0
2.510000,456.367865,0.503937,0
2.520000,456.367865,0.503937,0
2.530000,456.367865,0.503937,0
2.540000,456.367865,0.503937,0
2.550000,456.367865,0.503937,0
2.560000,456.367865,0.503937,0
2.570000,456.367865,0.503937,0
2.580000,456.367865,0.503937,0
2.590000,456.367865,0.503937,0
2.600000,456.367865,0.503937,0
2.610000,456.367865,0.503937,0
2.620000,456.367865,0.503937,0
2.630000,456.367865,0.503937,0
2.640000,456.367865,0.503937,0
2.650000,456.367865,0.503937,0
2.660000,456.367865,0.503937,0
2.670000,456.367865,0.503937,0
2.680000,456.367865,0.503937,0
2.690000,456.367865,0.503937,0
2.700000,456.367865,0.503937,0
2.710000,456.367865,0.503937,0
2.720000,456.367865,0.503937,0
2.730000,456.367865,0.503937,0
2.740000,456.367865,0.503937,0
2.750000,456.367865,0.503937,0
2.760000,456.367865,0.503937,0
2.770000,456.367865,0.503937,0
2.780000,456.367865,0.503937,0
2.790000,456.367865,0.503937,0
2.800000,456.367865,0.503937,0
2.810000,456.367865,0.503937,0
2.820000,456.367865,0.503937,0
2.830000,456.367865,0.503937,0
2.840000,456.367865,0.503937,0
2.850000,456.367865,0.503937,0
2.860000,456.367865,0.503937,0
2.870000,456.367865,0.503937,0
2.880000,456.367865,0.503937,0
2.890000,456.367865,0.503937,0
2.900000,456.367865,0.503937,0
2.910000,456.367865,0.503937,0
2.920000,456.367865,0.503937,0
2.925000,466.163762,0.000000,0
4.000000,456.367865,0.503937,0
4.000000,466.163762,0.503937,0
4.010000,466.163762,0.503937,0
4.020000,466.163762,0.503937,0
4.030000,466.163762,0.503937,0
4.040000,466.163762,0.503937,0
4.050000,466.163762,0.503937,0
4.060000,466.163762,0.503937,0
4.070000,466.163762,0.503937,0
4.080000,466.163762,0.503937,0
4.090000,466.163762,0.503937,0
4.100000,466.163762,0.503937,0
4.110000,466.163762,0.503937,0
4.120000,466.163762,0.503937,0
4.130000,466.163762,0.503937,0
4.140000,466.163762,0.503937,0
4.150000,466.163762,0.503937,0
4.160000,466.163762,0.503937,0
4.170000,466.163762,0.503937,0
4.180000,466.163762,0.503937,0
4.190000,466.163762,0.503937,0
4.200000,466.163762,0.503937,0
4.210000,466.163762,0.503937,0
4.220000,466.163762,0.503937,0
4.230000,466.163762,0.503937,0
4.240000,466.163762,0.503937,0
4.250000,466.163762,0.503937,0
4.260000,466.163762,0.503937,0
4.270000,466.163762,0.503937,0
4.280000,466.163762,0.503937,0
4.290000,466.163762,0.503937,0
4.300000,466.163762,0.503937,0
4.310000,466.163762,0.503937,0
4.320000,466.163762,0.503937,0
4.330000,466.163762,0.503937,0
4.340000,466.163762,0.503937,0
4.350000,466.163762,0.503937,0
4.360000,466.163762,0.503937,0
4.370000,466.163762,0.503937,0
4.380000,466.163762,0.503937,0
4.390000,466.163762,0.503937,0
4.400000,466.163762,0.503937,0
4.410000,466.163762,0.503937,0
4.420000,466.163762,0.503937,0
4.430000,466.163762,0.503937,0
4.440000,466.163762,0.503937,0
4.450000,466.163762,0.503937,0
4.460000,466.163762,0.503937,0
4.470000,466.163762,0.503937,0
4.480000,466.163762,0.503937,0
4.490000,466.163762,0.503937,0
4.500000,466.163762,0.503937,0
4.510000,466.163762,0.503937,0
4.520000,466.163762,0.503937,0
4.530000,466.163762,0.503937,0
4.540000,466.163762,0.503937,0
4.550000,466.163762,0.503937,0
4.560000,466.163762,0.503937,0
4.570000,466.163762,0.503937,0
4.580000,466.163762,0.503937,0
4.590000,466.163762,0.503937,0
4.600000,466.163762,0.503937,0
4.610000,466.163762,0.503937,0
4.620000,466.163762,0.503937,0
4.630000,466.163762,0.503937,0
4.640000,466.163762,0.503937,0
4.650000,466.163762,0.503937,0
4.660000,466.163762,0.503937,0
4.670000,466.163762,0.503937,0
4.680000,466.163762,0.503937,0
4.690000,466.163762,0.503937,0
4.700000,466.163762,0.503937,0
4.710000,466.163762,0.503937,0
4.720000,466.163762,0.503937,0
4.730000,466.163762,0.503937,0
4.740000,466.163762,0.503937,0
4.750000,466.163762,0.503937,0
4.760000,466.163762,0.503937,0
4.770000,466.163762,0.503937,0
4.780000,466.163762,0.503937,0
4.790000,466.163762,0.503937,0
4.800000,466.163762,0.503937,0
4.810000,466.163762,0.503937,0
4.820000,466.163762,0.503937,0
4.830000,466.163762,0.503937,0
4.840000,466.163762,0.503937,0
4.850000,466.163762,0.503937,0
4.860000,466.163762,0.503937,0
4.870000,466.163762,0.503937,0
4.880000,466.163762,0.503937,0
4.890000,466.163762,0.503937,0
4.900000,466.163762,0.503937,0
4.910000,466.163762,0.503937,0
4.920000,466.163762,0.503937,0
4.930000,466.163762,0.503937,0
4.940000,466.163762,0.503937,0
4.950000,466.163762,0.503937,0
4.960000,466.163762,0.503937,0
4.970000,466.163762,0.503937,0
4.980000,466.163762,0.503937,0
4.990000,466.163762,0.503937,0
5.000000,466.163762,0.503937,0
5.010000,466.163762,0.503937,0
5.020000,466.163762,0.503937,0
5.030000,466.163762,0.503937,0
5.040000,466.163762,0.503937,0
5.050000,466.163762,0.503937,0
5.060000,466.163762,0.503937,0
5.070000,466.163762,0.503937,0
5.080000,466.163762,0.503937,0
5.090000,466.163762,0.503937,0
5.100000,466.163762,0.503937,0
5.110000,466.163762,0.503937,0
5.120000,466.163762,0.503937,0
5.130000,466.163762,0.503937,0
5.140000,466.163762,0.503937,0
5.150000,466.163762,0.503937,0
5.160000,466.163762,0.503937,0
5.170000,466.163762,0.503937,0
5.180000,466.163762,0.503937,0
5.190000,466.163762,0.503937,0
5.200000,466.163762,0.503937,0
5.210000,466.163762,0.503937,0
5.220000,466.163762,0.503937,0
5.230000,466.163762,0.503937,0
5.240000,466.163762,0.503937,0
5.250000,466.163762,0.503937,0
5.260000,466.163762,0.503937,0
5.270000,466.163762,0.503937,0
5.280000,466.163762,0.503937,0
5.290000,466.163762,0.503937,0
5.300000,466.163762,0.503937,0
5.310000,466.163762,0.503937,0
5.320000,466.163762,0.503937,0
5.330000,466.163762,0.503937,0
5.340000,466.163762,0.503937,0
5.350000,466.163762,0.503937,0
5.360000,466.163762,0.503937,0
5.370000,466.163762,0.503937,0
5.380000,466.163762,0.503937,0
5.390000,466.163762,0.503937,0
5.400000,466.163762,0.503937,0
5.410000,466.163762,0.503937,0
5.420000,466.163762,0.503937,0
5.430000,466.163762,0.503937,0
5.440000,466.163762,0.503937,0
5.450000,466.163762,0.503937,0
5.460000,466.163762,0.503937,0
5.470000,466.163762,0.503937,0
5.480000,466.163762,0.503937,0
5.490000,466.163762,0.503937,0
5.500000,466.163762,0.503937,0
5.510000,466.163762,0.503937,0
5.520000,466.163762,0.503937,0
5.530000,466.163762,0.503937,0
5.540000,466.163762,0.503937,0
5.550000,466.163762,0.503937,0
5.560000,466.163762,0.503937,0
5.570000,466.163762,0.503937,0
5.580000,466.163762,0.503937,0
5.590000,466.163762,0.503937,0
5.600000,466.163762,0.503937,0
5.610000,466.163762,0.503937,0
5.620000,466.163762,0.503937,0
5.630000,466.163762,0.503937,0
5.640000,466.163762,0.503937,0
5.650000,466.163762,0.503937,0
5.660000,466.163762,0.503937,0
5.670000,466.163762,0.503937,0
5.680000,466.163762,0.503937,0
5.690000,466.163762,0.503937,0
5.700000,466.163762,0.503937,0
5.710000,466.163762,0.503937,0
5.720000,466.163762,0.503937,0
5.730000,466.163762,0.503937,0
5.740000,466.163762,0.503937,0
5.750000,466.163762,0.503937,0
5.760000,466.163762,0.503937,0
5.770000,466.163762,0.503937,0
5.780000,466.163762,0.503937,0
5.790000,466.163762,0.503937,0
5.800000,466.163762,0.503937,0
5.810000,466.163762,0.503937,0
5.820000,466.163762,0.503937,0
5.830000,466.163762,0.503937,0
5.840000,466.163762,0.503937,0
5.850000,466.163762,0.503937,0
5.860000,466.163762,0.503937,0
5.870000,466.163762,0.503937,0
5.880000,466.163762,0.503937,0
5.890000,466.163762,0.503937,0
5.900000,466.163762,0.503937,0
5.910000,466.163762,0.503937,0
5.920000,466.163762,0.503937,0
5.930000,466.163762,0.503937,0
5.940000,466.163762,0.503937,0
5.950000,466.163762,0.503937,0
5.960000,466.163762,0.503937,0
5.970000,466.163762,0.503937,0
5.980000,466.163762,0.503937,0
5.990000,466.163762,0.503937,0
6.000000,466.163762,0.503937,0
6.010000,466.163762,0.503937,0
6.020000,466.163762,0.503937,0
6.030000,466.163762,0.503937,0
6.040000,466.163762,0.503937,0
6.050000,466.163762,0.503937,0
6.060000,466.163762,0.503937,0
6.070000,466.163762,0.503937,0
6.080000,466.163762,0.503937,0
6.090000,466.163762,0.503937,0
6.100000,466.163762,0.503937,0
6.110000,466.163762,0.503937,0
6.120000,466.163762,0.503937,0
6.130000,466.163762,0.503937,0
6.140000,466.163762,0.503937,0
6.150000,466.163762,0.503937,0
6.160000,466.163762,0.503937,0
6.170000,466.163762,0.503937,0
6.180000,466.163762,0.503937,0
6.190000,466.163762,0.503937,0
6.200000,466.163762,0.503937,0
6.210000,466.163762,0.503937,0
6.220000,466.163762,0.503937,0
6.230000,466.163762,0.503937,0
6.240000,466.163762,0.503937,0
6.250000,466.163762,0.503937,0
6.260000,466.163762,0.503937,0
6.270000,466.163762,0.503937,0
6.280000,466.163762,0.503937,0
6.290000,466.163762,0.503937,0
6.300000,466.163762,0.503937,0
6.310000,466.163762,0.503937,0
6.320000,466.163762,0.503937,0
6.330000,466.163762,0.503937,0
6.340000,466.163762,0.503937,0
6.350000,466.163762,0.503937,0
6.360000,466.163762,0.503937,0
6.370000,466.163762,0.503937,0
6.380000,466.163762,0.503937,0
6.390000,466.163762,0.503937,0
6.400000,466.163762,0.503937,0
6.410000,466.163762,0.503937,0
6.420000,466.163762,0.503937,0
6.430000,466.163762,0.503937,0
6.440000,466.163762,0.503937,0
6.450000,466.163762,0.503937,0
6.460000,466.163762,0.503937,0
6.470000,466.163762,0.503937,0
6.480000,466.163762,0.503937,0
6.490000,466.163762,0.503937,0
6.500000,466.163762,0.503937,0
6.510000,466.163762,0.503937,0
6.520000,466.163762,0.503937,0
6.530000,466.163762,0.503937,0
6.540000,466.163762,0.503937,0
6.550000,466.163762,0.503937,0
6.560000,466.163762,0.503937,0
6.570000,466.163762,0.503937,0
6.580000,466.163762,0.503937,0
6.590000,466.163762,0.503937,0
6.600000,466.163762,0.503937,0
6.610000,466.163762,0.503937,0
6.620000,466.163762,0.503937,0
6.630000,466.163762,0.503937,0
6.640000,466.163762,0.503937,0
6.650000,466.163762,0.503937,0
6.660000,466.163762,0.503937,0
6.670000,466.163762,0.503937,0
6.680000,466.163762,0.503937,0
6.690000,466.163762,0.503937,0
6.700000,466.163762,0.503937,0
6.710000,466.163762,0.503937,0
6.720000,466.163762,0.503937,0
6.730000,466.163762,0.503937,0
6.740000,466.163762,0.503937,0
6.750000,466.163762,0.503937,0
6.760000,466.163762,0.503937,0
6.770000,466.163762,0.503937,0
6.780000,466.163762,0.503937,0
6.790000,466.163762,0.503937,0
6.800000,466.163762,0.503937,0
6.810000,466.163762,0.503937,0
6.820000,466.163762,0.503937,0
6.830000,466.163762,0.503937,0
6.840000,466.163762,0.503937,0
6.850000,466.163762,0.503937,0
6.860000,466.163762,0.503937,0
6.870000,466.163762,0.503937,0
6.880000,466.163762,0.503937,0
6.890000,466.163762,0.503937,0
6.900000,466.163762,0.503937,0
6.910000,466.163762,0.503937,0
6.912500,466.163762,0.000000,0
0.000000,391.100928,0.503937,1
0.010000,391.100928,0.503937,1
0.020000,391.100928,0.503937,1
0.030000,391.100928,0.503937,1
0.040000,391.100928,0.503937,1
0.050000,391.100928,0.503937,1
0.060000,391.100928,0.503937,1
0.070000,391.100928,0.503937,1
0.080000,391.100928,0.503937,1
0.090000,391.100928,0.503937,1
0.100000,391.100928,0.503937,1
0.110000,391.100928,0.503937,1
0.120000,391.100928,0.503937,1
0.130000,391.100928,0.503937,1
0.140000,391.100928,0.503937,1
0.150000,391.100928,0.503937,1
0.160000,391.100928,0.503937,1
0.170000,391.100928,0.503937,1
0.180000,391.100928,0.503937,1
0.190000,391.100928,0.503937,1
0.200000,391.100928,0.503937,1
0.210000,391.100928,0.503937,1
0.220000,391.100928,0.503937,1
0.230000,391.100928,0.503937,1
0.240000,391.100928,0.503937,1
0.250000,391.100928,0.503937,1
0.260000,391.100928,0.503937,1
0.270000,391.100928,0.503937,1
0.280000,391.100928,0.503937,1
0.290000,391.100928,0.503937,1
0.300000,391.100928,0.503937,1
0.310000,391.100928,0.503937,1
0.320000,391.100928,0.503937,1
0.330000,391.100928,0.503937,1
0.340000,391.100928,0.503937,1
0.350000,391.100928,0.503937,1
0.360000,391.100928,0.503937,1
0.370000,391.100928,0.503937,1
0.380000,391.100928,0.503937,1
0.390000,391.100928,0.503937,1
0.400000,391.100928,0.503937,1
0.410000,391.100928,0.503937,1
0.420000,391.100928,0.503937,1
0.430000,391.100928,0.503937,1
0.440000,391.100928,0.503937,1
0.450000,391.100928,0.503937,1
0.460000,391.100928,0.503937,1
0.470000,391.100928,0.503937,1
0.480000,391.100928,0.503937,1
0.490000,391.100928,0.503937,1
0.500000,391.100928,0.503937,1
0.510000,391.100928,0.503937,1
0.520000,391.100928,0.503937,1
0.530000,391.100928,0.503937,1
0.540000,391.100928,0.503937,1
0.550000,391.100928,0.503937,1
0.560000,391.100928,0.503937,1
0.570000,391.100928,0.503937,1
0.580000,391.100928,0.503937,1
0.590000,391.100928,0.503937,1
0.600000,391.100928,0.503937,1
0.610000,391.100928,0.503937,1
0.620000,391.100928,0.503937,1
0.630000,391.100928,0.503937,1
0.640000,391.100928,0.503937,1
0.650000,391.100928,0.503937,1
0.660000,391.100928,0.503937,1
0.670000,391.100928,0.503937,1
0.680000,391.100928,0.503937,1
0.690000,391.100928,0.503937,1
0.700000,391.100928,0.503937,1
0.710000,391.100928,0.503937,1
0.720000,391.100928,0.503937,1
0.730000,391.100928,0.503937,1
0.740000,391.100928,0.503937,1
0.750000,391.100928,0.503937,1
0.760000,391.100928,0.503937,1
0.770000,391.100928,0.503937,1
0.780000,391.100928,0.503937,1
0.790000,391.100928,0.503937,1
0.800000,391.100928,0.503937,1
0.810000,391.100928,0.503937,1
0.820000,391.100928,0.503937,1
0.830000,391.100928,0.503937,1
0.840000,391.100928,0.503937,1
0.850000,391.100928,0.503937,1
0.860000,391.100928,0.503937,1
0.870000,391.100928,0.503937,1
0.880000,391.100928,0.503937,1
0.890000,391.100928,0.503937,1
0.900000,391.100928,0.503937,1
0.910000,391.100928,0.503937,1
0.920000,391.100928,0.503937,1
0.930000,391.100928,0.503937,1
0.940000,391.100928,0.503937,1
0.950000,391.100928,0.503937,1
0.960000,391.100928,0.503937,1
0.970000,391.100928,0.503937,1
0.980000,391.100928,0.503937,1
0.990000,391.100928,0.503937,1
1.000000,391.100928,0.503937,1
1.010000,391.100928,0.503937,1
1.020000,391.100928,0.503937,1
1.030000,391.100928,0.503937,1
1.040000,391.100928,0.503937,1
1.050000,391.100928,0.503937,1
1.060000,391.100928,0.503937,1
1.070000,391.100928,0.503937,1
1.080000,391.100928,0.503937,1
1.090000,391.100928,0.503937,1
1.100000,391.100928,0.503937,1
1.110000,391.100928,0.503937,1
1.120000,391.100928,0.503937,1
1.130000,391.100928,0.503937,1
1.140000,391.100928,0.503937,1
1.150000,391.100928,0.503937,1
1.160000,391.100928,0.503937,1
1.170000,391.100928,0.503937,1
1.180000,391.100928,0.503937,1
1.190000,391.100928,0.503937,1
1.200000,391.100928,0.503937,1
1.210000,391.100928,0.503937,1
1.220000,391.100928,0.503937,1
1.230000,391.100928,0.503937,1
1.240000,391.100928,0.503937,1
1.250000,391.100928,0.503937,1
1.260000,391.100928,0.503937,1
1.270000,391.100928,0.503937,1
1.280000,391.100928,0.503937,1
1.290000,391.100928,0.503937,1
1.300000,391.100928,0.503937,1
1.310000,391.100928,0.503937,1
1.320000,391.100928,0.503937,1
1.330000,391.100928,0.503937,1
1.340000,391.100928,0.503937,1
1.350000,391.100928,0.503937,1
1.360000,391.100928,0.503937,1
1.370000,391.100928,0.503937,1
1.380000,391.100928,0.503937,1
1.390000,391.100928,0.503937,1
1.400000,391.100928,0.503937,1
1.410000,391.100928,0.503937,1
1.420000,391.100928,0.503937,1
1.430000,391.100928,0.503937,1
1.440000,391.100928,0.503937,1
1.450000,391.100928,0.503937,1
1.460000,391.100928,0.503937,1
1.470000,391.100928,0.503937,1
1.480000,391.100928,0.503937,1
1.490000,391.100928,0.503937,1
1.500000,391.100928,0.503937,1
1.510000,391.100928,0.503937,1
1.520000,391.100928,0.503937,1
1.530000,391.100928,0.503937,1
1.540000,391.100928,0.503937,1
1.550000,391.100928,0.503937,1
1.560000,391.100928,0.503937,1
1.570000,391.100928,0.503937,1
1.580000,391.100928,0.503937,1
1.590000,391.100928,0.503937,1
1.600000,391.100928,0.503937,1
1.610000,391.100928,0.503937,1
1.620000,391.100928,0.503937,1
1.630000,391.100928,0.503937,1
1.640000,391.100928,0.503937,1
1.650000,391.100928,0.503937,1
1.660000,391.100928,0.503937,1
1.670000,391.100928,0.503937,1
1.680000,391.100928,0.503937,1
1.690000,391.100928,0.503937,1
1.700000,391.100928,0.503937,1
1.710000,391.100928,0.503937,1
1.720000,391.100928,0.503937,1
1.730000,391.100928,0.503937,1
1.740000,391.100928,0.503937,1
1.750000,391.100928,0.503937,1
1.760000,391.100928,0.503937,1
1.770000,391.100928,0.503937,1
1.780000,391.100928,0.503937,1
1.790000,391.100928,0.503937,1
1.800000,391.100928,0.503937,1
1.810000,391.100928,0.503937,1
1.820000,391.100928,0.503937,1
1.830000,391.100928,0.503937,1
1.840000,391.100928,0.503937,1
1.850000,391.100928,0.503937,1
1.860000,391.100928,0.503937,1
1.870000,391.100928,0.503937,1
1.880000,391.100928,0.503937,1
1.890000,391.100928,0.503937,1
1.900000,391.100928,0.503937,1
1.910000,391.100928,0.503937,1
1.920000,391.100928,0.503937,1
1.930000,391.100928,0.503937,1
1.940000,391.100928,0.503937,1
1.950000,391.100928,0.503937,1
1.960000,391.100928,0.503937,1
1.970000,391.100928,0.503937,1
1.980000,391.100928,0.503937,1
1.990000,391.100928,0.503937,1
2.000000,391.100928,0.503937,1
2.010000,391.100928,0.503937,1
2.020000,391.100928,0.503937,1
2.030000,391.100928,0.503937,1
2.040000,391.100928,0.503937,1
2.050000,391.100928,0.503937,1
2.060000,391.100928,0.503937,1
2.070000,391.100928,0.503937,1
2.080000,391.100928,0.503937,1
2.090000,391.100928,0.503937,1
2.100000,391.100928,0.503937,1
2.110000,391.100928,0.503937,1
2.120000,391.100928,0.503937,1
2.130000,391.100928,0.503937,1
2.140000,391.100928,0.503937,1
2.150000,391.100928,0.503937,1
2.160000,391.100928,0.503937,1
2.170000,391.100928,0.503937,1
2.180000,391.100928,0.503937,1
2.190000,391.100928,0.503937,1
2.200000,391.100928,0.503937,1
2.210000,391.100928,0.503937,1
2.220000,391.100928,0.503937,1
2.230000,391.100928,0.503937,1
2.240000,391.100928,0.503937,1
2.250000,391.100928,0.503937,1
2.260000,391.100928,0.503937,1
2.270000,391.100928,0.503937,1
2.280000,391.100928,0.503937,1
2.290000,391.100928,0.503937,1
2.300000,391.100928,0.503937,1
2.310000,391.100928,0.503937,1
2.320000,391.100928,0.503937,1
2.330000,391.100928,0.503937,1
2.340000,391.100928,0.503937,1
2.350000,391.100928,0.503937,1
2.360000,391.100928,0.503937,1
2.370000,391.100928,0.503937,1
2.380000,391.100928,0.503937,1
2.390000,391.100928,0.503937,1
2.400000,391.100928,0.503937,1
2.410000,391.100928,0.503937,1
2.420000,391.100928,0.503937,1
2.430000,391.100928,0.503937,1
2.440000,391.100928,0.503937,1
2.450000,391.100928,0.503937,1
2.460000,391.100928,0.503937,1
2.470000,391.100928,0.503937,1
2.480000,391.100928,0.503937,1
2.490000,391.100928,0.503937,1
2.500000,391.100928,0.503937,1
2.510000,391.100928,0.503937,1
2.520000,391.100928,0.503937,1
2.530000,391.100928,0.503937,1
2.540000,391.100928,0.503937,1
2.550000,391.100928,0.503937,1
2.560000,391.100928,0.503937,1
2.570000,391.100928,0.503937,1
2.580000,391.100928,0.503937,1
2.590000,391.100928,0.503937,1
2.600000,391.100928,0.503937,1
2.610000,391.100928,0.503937,1
2.620000,391.100928,0.503937,1
2.630000,391.100928,0.503937,1
2.640000,391.100928,0.503937,1
2.650000,391.100928,0.503937,1
2.660000,391.100928,0.503937,1
2.670000,391.100928,0.503937,1
2.680000,391.100928,0.503937,1
2.690000,391.100928,0.503937,1
2.700000,391.100928,0.503937,1
2.710000,391.100928,0.503937,1
2.720000,391.100928,0.503937,1
2.730000,391.100928,0.503937,1
2.740000,391.100928,0.503937,1
2.750000,391.100928,0.503937,1
2.760000,391.100928,0.503937,1
2.770000,391.100928,0.503937,1
2.780000,391.100928,0.503937,1
2.790000,391.100928,0.503937,1
2.800000,391.100928,0.503937,1
2.810000,391.100928,0.503937,1
2.820000,391.100928,0.503937,1
2.830000,391.100928,0.503937,1
2.840000,391.100928,0.503937,1
2.850000,391.100928,0.503937,1
2.860000,391.100928,0.503937,1
2.870000,391.100928,0.503937,1
2.880000,391.100928,0.503937,1
2.890000,391.100928,0.503937,1
2.900000,391.100928,0.503937,1
2.910000,391.100928,0.503937,1
2.920000,391.100928,0.503937,1
2.922917,391.995436,0.000000,1
4.000000,391.995436,0.503937,1
4.010000,391.995436,0.503937,1
4.020000,391.995436,0.503937,1
4.030000,391.995436,0.503937,1
4.040000,391.995436,0.503937,1
4.050000,391.995436,0.503937,1
4.060000,391.995436,0.503937,1
4.070000,391.995436,0.503937,1
4.080000,391.995436,0.503937,1
4.090000,391.995436,0.503937,1
4.100000,391.995436,0.503937,1
4.110000,391.995436,0.503937,1
4.120000,391.995436,0.503937,1
4.130000,391.995436,0.503937,1
4.140000,391.995436,0.503937,1
4.150000,391.995436,0.503937,1
4.160000,391.995436,0.503937,1
4.170000,391.995436,0.503937,1
4.180000,391.995436,0.503937,1
4.190000,391.995436,0.503937,1
4.200000,391.995436,0.503937,1
4.210000,391.995436,0.503937,1
4.220000,391.995436,0.503937,1
4.230000,391.995436,0.503937,1
4.240000,391.995436,0.503937,1
4.250000,391.995436,0.503937,1
4.260000,391.995436,0.503937,1
4.270000,391.995436,0.503937,1
4.280000,391.995436,0.503937,1
4.290000,391.995436,0.503937,1
4.300000,391.995436,0.503937,1
4.310000,391.995436,0.503937,1
4.320000,391.995436,0.503937,1
4.330000,391.995436,0.503937,1
4.340000,391.995436,0.503937,1
4.350000,391.995436,0.503937,1
4.360000,391.995436,0.503937,1
4.370000,391.995436,0.503937,1
4.380000,391.995436,0.503937,1
4.390000,391.995436,0.503937,1
4.400000,391.995436,0.503937,1
4.410000,391.995436,0.503937,1
4.420000,391.995436,0.503937,1
4.430000,391.995436,0.503937,1
4.440000,391.995436,0.503937,1
4.450000,391.995436,0.503937,1
4.460000,391.995436,0.503937,1
4.470000,391.995436,0.503937,1
4.480000,391.995436,0.503937,1
4.490000,391.995436,0.503937,1
4.500000,391.995436,0.503937,1
4.510000,391.995436,0.503937,1
4.520000,391.995436,0.503937,1
4.530000,391.995436,0.503937,1
4.540000,391.995436,0.503937,1
4.550000,391.995436,0.503937,1
4.560000,391.995436,0.503937,1
4.570000,391.995436,0.503937,1
4.580000,391.995436,0.503937,1
4.590000,391.995436,0.503937,1
4.600000,391.995436,0.503937,1
4.610000,391.995436,0.503937,1
4.620000,391.995436,0.503937,1
4.630000,391.995436,0.503937,1
4.640000,391.995436,0.503937,1
4.650000,391.995436,0.503937,1
4.660000,391.995436,0.503937,1
4.670000,391.995436,0.503937,1
4.680000,391.995436,0.503937,1
4.690000,391.995436,0.503937,1
4.700000,391.995436,0.503937,1
4.710000,391.995436,0.503937,1
4.720000,391.995436,0.503937,1
4.730000,391.995436,0.503937,1
4.740000,391.995436,0.503937,1
4.750000,391.995436,0.503937,1
4.760000,391.995436,0.503937,1
4.770000,391.995436,0.503937,1
4.780000,391.995436,0.503937,1
4.790000,391.995436,0.503937,1
4.800000,391.995436,0.503937,1
4.810000,391.995436,0.503937,1
4.820000,391.995436,0.503937,1
4.830000,391.995436,0.503937,1
4.840000,391.995436,0.503937,1
4.850000,391.995436,0.503937,1
4.860000,391.995436,0.503937,1
4.870000,391.995436,0.503937,1
4.880000,391.995436,0.503937,1
4.890000,391.995436,0.503937,1
4.900000,391.995436,0.503937,1
4.910000,391.995436,0.503937,1
4.920000,391.995436,0.503937,1
4.930000,391.995436,0.503937,1
4.940000,391.995436,0.503937,1
4.950000,391.995436,0.503937,1
4.960000,391.995436,0.503937,1
4.970000,391.995436,0.503937,1
4.980000,391.995436,0.503937,1
4.990000,391.995436,0.503937,1
5.000000,391.995436,0.503937,1
5.010000,391.995436,0.503937,1
5.020000,391.995436,0.503937,1
5.030000,391.995436,0.503937,1
5.040000,391.995436,0.503937,1
5.050000,391.995436,0.503937,1
5.060000,391.995436,0.503937,1
5.070000,391.995436,0.503937,1
5.080000,391.995436,0.503937,1
5.090000,391.995436,0.503937,1
5.100000,391.995436,0.503937,1
5.110000,391.995436,0.503937,1
5.120000,391.995436,0.503937,1
5.130000,391.995436,0.503937,1
5.140000,391.995436,0.503937,1
5.150000,391.995436,0.503937,1
5.160000,391.995436,0.503937,1
5.170000,391.995436,0.503937,1
5.180000,391.995436,0.503937,1
5.190000,391.995436,0.503937,1
5.200000,391.995436,0.503937,1
5.210000,391.995436,0.503937,1
5.220000,391.995436,0.503937,1
5.230000,391.995436,0.503937,1
5.240000,391.995436,0.503937,1
5.250000,391.995436,0.503937,1
5.260000,391.995436,0.503937,1
5.270000,391.995436,0.503937,1
5.280000,391.995436,0.503937,1
5.290000,391.995436,0.503937,1
5.300000,391.995436,0.503937,1
5.310000,391.995436,0.503937,1
5.320000,391.995436,0.503937,1
5.330000,391.995436,0.503937,1
5.340000,391.995436,0.503937,1
5.350000,391.995436,0.503937,1
5.360000,391.995436,0.503937,1
5.370000,391.995436,0.503937,1
5.380000,391.995436,0.503937,1
5.390000,391.995436,0.503937,1
5.400000,391.995436,0.503937,1
5.410000,391.995436,0.503937,1
5.420000,391.995436,0.503937,1
5.430000,391.995436,0.503937,1
5.440000,391.995436,0.503937,1
5.450000,391.995436,0.503937,1
5.460000,391.995436,0.503937,1
5.470000,391.995436,0.503937,1
5.480000,391.995436,0.503937,1
5.490000,391.995436,0.503937,1
5.500000,391.995436,0.503937,1
5.510000,391.995436,0.503937,1
5.520000,391.995436,0.503937,1
5.530000,391.995436,0.503937,1
5.540000,391.995436,0.503937,1
5.550000,391.995436,0.503937,1
5.560000,391.995436,0.503937,1
5.570000,391.995436,0.503937,1
5.580000,391.995436,0.503937,1
5.590000,391.995436,0.503937,1
5.600000,391.995436,0.503937,1
5.610000,391.995436,0.503937,1
5.620000,391.995436,0.503937,1
5.630000,391.995436,0.503937,1
5.640000,391.995436,0.503937,1
5.650000,391.995436,0.503937,1
5.660000,391.995436,0.503937,1
5.670000,391.995436,0.503937,1
5.680000,391.995436,0.503937,1
5.690000,391.995436,0.503937,1
5.700000,391.995436,0.503937,1
5.710000,391.995436,0.503937,1
5.720000,391.995436,0.503937,1
5.730000,391.995436,0.503937,1
5.740000,391.995436,0.503937,1
5.750000,391.995436,0.503937,1
5.760000,391.995436,0.503937,1
5.770000,391.995436,0.503937,1
5.780000,391.995436,0.503937,1
5.790000,391.995436,0.503937,1
5.800000,391.995436,0.503937,1
5.810000,391.995436,0.503937,1
5.820000,391.995436,0.503937,1
5.830000,391.995436,0.503937,1
5.840000,391.995436,0.503937,1
5.850000,391.995436,0.503937,1
5.860000,391.995436,0.503937,1
5.870000,391.995436,0.503937,1
5.880000,391.995436,0.503937,1
5.890000,391.995436,0.503937,1
5.900000,391.995436,0.503937,1
5.910000,391.995436,0.503937,1
5.920000,391.995436,0.503937,1
5.930000,391.995436,0.503937,1
5.940000,391.995436,0.503937,1
5.950000,391.995436,0.503937,1
5.960000,391.995436,0.503937,1
5.970000,391.995436,0.503937,1
5.980000,391.995436,0.503937,1
5.990000,391.995436,0.503937,1
6.000000,391.995436,0.503937,1
6.010000,391.995436,0.503937,1
6.020000,391.995436,0.503937,1
6.030000,391.995436,0.503937,1
6.040000,391.995436,0.503937,1
6.050000,391.995436,0.503937,1
6.060000,391.995436,0.503937,1
6.070000,391.995436,0.503937,1
6.080000,391.995436,0.503937,1
6.090000,391.995436,0.503937,1
6.100000,391.995436,0.503937,1
6.110000,391.995436,0.503937,1
6.120000,391.995436,0.503937,1
6.130000,391.995436,0.503937,1
6.140000,391.995436,0.503937,1
6.150000,391.995436,0.503937,1
6.160000,391.995436,0.503937,1
6.170000,391.995436,0.503937,1
6.180000,391.995436,0.503937,1
6.190000,391.995436,0.503937,1
6.200000,391.995436,0.503937,1
6.210000,391.995436,0.503937,1
6.220000,391.995436,0.503937,1
6.230000,391.995436,0.503937,1
6.240000,391.995436,0.503937,1
6.250000,391.995436,0.503937,1
6.260000,391.995436,0.503937,1
6.270000,391.995436,0.503937,1
6.280000,391.995436,0.503937,1
6.290000,391.995436,0.503937,1
6.300000,391.995436,0.503937,1
6.310000,391.995436,0.503937,1
6.320000,391.995436,0.503937,1
6.330000,391.995436,0.503937,1
6.340000,391.995436,0.503937,1
6.350000,391.995436,0.503937,1
6.360000,391.995436,0.503937,1
6.370000,391.995436,0.503937,1
6.380000,391.995436,0.503937,1
6.390000,391.995436,0.503937,1
6.400000,391.995436,0.503937,1
6.410000,391.995436,0.503937,1
6.420000,391.995436,0.503937,1
6.430000,391.995436,0.503937,1
6.440000,391.995436,0.503937,1
6.450000,391.995436,0.503937,1
6.460000,391.995436,0.503937,1
6.470000,391.995436,0.503937,1
6.480000,391.995436,0.503937,1
6.490000,391.995436,0.503937,1
6.500000,391.995436,0.503937,1
6.510000,391.995436,0.503937,1
6.520000,391.995436,0.503937,1
6.530000,391.995436,0.503937,1
6.540000,391.995436,0.503937,1
6.550000,391.995436,0.503937,1
6.560000,391.995436,0.503937,1
6.570000,391.995436,0.503937,1
6.580000,391.995436,0.503937,1
6.590000,391.995436,0.503937,1
6.600000,391.995436,0.503937,1
6.610000,391.995436,0.503937,1
6.620000,391.995436,0.503937,1
6.630000,391.995436,0.503937,1
6.640000,391.995436,0.503937,1
6.650000,391.995436,0.503937,1
6.660000,391.995436,0.503937,1
6.670000,391.995436,0.503937,1
6.680000,391.995436,0.503937,1
6.690000,391.995436,0.503937,1
6.700000,391.995436,0.503937,1
6.710000,391.995436,0.503937,1
6.720000,391.995436,0.503937,1
6.730000,391.995436,0.503937,1
6.740000,391.995436,0.503937,1
6.750000,391.995436,0.503937,1
6.760000,391.995436,0.503937,1
6.770000,391.995436,0.503937,1
6.780000,391.995436,0.503937,1
6.790000,391.995436,0.503937,1
6.800000,391.995436,0.503937,1
6.810000,391.995436,0.503937,1
6.820000,391.995436,0.503937,1
6.830000,391.995436,0.503937,1
6.840000,391.995436,0.503937,1
6.850000,391.995436,0.503937,1
6.860000,391.995436,0.503937,1
6.870000,391.995436,0.503937,1
6.880000,391.995436,0.503937,1
6.890000,391.995436,0.503937,1
6.900000,391.995436,0.503937,1
6.910000,391.995436,0.503937,1
6.920000,391.995436,0.503937,1
6.920833,391.995436,0.000000,1
0.000000,325.938891,0.503937,2
0.010000,325.938891,0.503937,2
0.020000,325.938891,0.503937,2
0.030000,325.938891,0.503937,2
0.040000,325.938891,0.503937,2
0.050000,325.938891,0.503937,2
0.060000,325.938891,0.503937,2
0.070000,325.938891,0.503937,2
0.080000,325.938891,0.503937,2
0.090000,325.938891,0.503937,2
0.100000,325.938891,0.503937,2
0.110000,325.938891,0.503937,2
0.120000,325.938891,0.503937,2
0.130000,325.938891,0.503937,2
0.140000,325.938891,0.503937,2
0.150000,325.938891,0.503937,2
0.160000,325.938891,0.503937,2
0.170000,325.938891,0.503937,2
0.180000,325.938891,0.503937,2
0.190000,325.938891,0.503937,2
0.200000,325.938891,0.503937,2
0.210000,325.938891,0.503937,2
0.220000,325.938891,0.503937,2
0.230000,325.938891,0.503937,2
0.240000,325.938891,0.503937,2
0.250000,325.938891,0.503937,2
0.260000,325.938891,0.503937,2
0.270000,325.938891,0.503937,2
0.280000,325.938891,0.503937,2
0.290000,325.938891,0.503937,2
0.300000,325.938891,0.503937,2
0.310000,325.938891,0.503937,2
0.320000,325.938891,0.503937,2
0.330000,325.938891,0.503937,2
0.340000,325.938891,0.503937,2
0.350000,325.938891,0.503937,2
0.360000,325.938891,0.503937,2
0.370000,325.938891,0.503937,2
0.380000,325.938891,0.503937,2
0.390000,325.938891,0.503937,2
0.400000,325.938891,0.503937,2
0.410000,325.938891,0.503937,2
0.420000,325.938891,0.503937,2
0.430000,325.938891,0.503937,2
0.440000,325.938891,0.503937,2
0.450000,325.938891,0.503937,2
0.460000,325.938891,0.503937,2
0.470000,325.938891,0.503937,2
0.480000,325.938891,0.503937,2
0.490000,325.938891,0.503937,2
0.500000,325.938891,0.503937,2
0.510000,325.938891,0.503937,2
0.520000,325.938891,0.503937,2
0.530000,325.938891,0.503937,2
0.540000,325.938891,0.503937,2
0.550000,325.938891,0.503937,2
0.560000,325.938891,0.503937,2
0.570000,325.938891,0.503937,2
0.580000,325.938891,0.503937,2
0.590000,325.938891,0.503937,2
0.600000,325.938891,0.503937,2
0.610000,325.938891,0.503937,2
0.620000,325.938891,0.503937,2
0.630000,325.938891,0.503937,2
0.640000,325.938891,0.503937,2
0.650000,325.938891,0.503937,2
0.660000,325.938891,0.503937,2
0.670000,325.938891,0.503937,2
0.680000,325.938891,0.503937,2
0.690000,325.938891,0.503937,2
0.700000,325.938891,0.503937,2
0.710000,325.938891,0.503937,2
0.720000,325.938891,0.503937,2
0.730000,325.938891,0.503937,2
0.740000,325.938891,0.503937,2
0.750000,325.938891,0.503937,2
0.760000,325.938891,0.503937,2
0.770000,325.938891,0.503937,2
0.780000,325.938891,0.503937,2
0.790000,325.938891,0.503937,2
0.800000,325.938891,0.503937,2
0.810000,325.938891,0.503937,2
0.820000,325.938891,0.503937,2
0.830000,325.938891,0.503937,2
0.840000,325.938891,0.503937,2
0.850000,325.938891,0.503937,2
0.860000,325.938891,0.503937,2
0.870000,325.938891,0.503937,2
0.880000,325.938891,0.503937,2
0.890000,325.938891,0.503937,2
0.900000,325.938891,0.503937,2
0.910000,325.938891,0.503937,2
0.920000,325.938891,0.503937,2
0.930000,325.938891,0.503937,2
0.940000,325.938891,0.503937,2
0.950000,325.938891,0.503937,2
0.960000,325.938891,0.503937,2
0.970000,325.938891,0.503937,2
0.980000,325.938891,0.503937,2
0.990000,325.938891,0.503937,2
1.000000,325.938891,0.503937,2
1.010000,325.938891,0.503937,2
1.020000,325.938891,0.503937,2
1.030000,325.938891,0.503937,2
1.040000,325.938891,0.503937,2
1.050000,325.938891,0.503937,2
1.060000,325.938891,0.503937,2
1.070000,325.938891,0.503937,2
1.080000,325.938891,0.503937,2
1.090000,325.938891,0.503937,2
1.100000,325.938891,0.503937,2
1.110000,325.938891,0.503937,2
1.120000,325.938891,0.503937,2
1.130000,325.938891,0.503937,2
1.140000,325.938891,0.503937,2
1.150000,325.938891,0.503937,2
1.160000,325.938891,0.503937,2
1.170000,325.938891,0.503937,2
1.180000,325.938891,0.503937,2
1.190000,325.938891,0.503937,2
1.200000,325.938891,0.503937,2
1.210000,325.938891,0.503937,2
1.220000,325.938891,0.503937,2
1.230000,325.938891,0.503937,2
1.240000,325.938891,0.503937,2
1.250000,325.938891,0.503937,2
1.260000,325.938891,0.503937,2
1.270000,325.938891,0.503937,2
1.280000,325.938891,0.503937,2
1.290000,325.938891,0.503937,2
1.300000,325.938891,0.503937,2
1.310000,325.938891,0.503937,2
1.320000,325.938891,0.503937,2
1.330000,325.938891,0.503937,2
1.340000,325.938891,0.503937,2
1.350000,325.938891,0.503937,2
1.360000,325.938891,0.503937,2
1.370000,325.938891,0.503937,2
1.380000,325.938891,0.503937,2
1.390000,325.938891,0.503937,2
1.400000,325.938891,0.503937,2
1.410000,325.938891,0.503937,2
1.420000,325.938891,0.503937,2
1.430000,325.938891,0.503937,2
1.440000,325.938891,0.503937,2
1.450000,325.938891,0.503937,2
1.460000,325.938891,0.503937,2
1.470000,325.938891,0.503937,2
1.480000,325.938891,0.503937,2
1.490000,325.938891,0.503937,2
1.500000,325.938891,0.503937,2
1.510000,325.938891,0.503937,2
1.520000,325.938891,0.503937,2
1.530000,325.938891,0.503937,2
1.540000,325.938891,0.503937,2
1.550000,325.938891,0.503937,2
1.560000,325.938891,0.503937,2
1.570000,325.938891,0.503937,2
1.580000,325.938891,0.503937,2
1.590000,325.938891,0.503937,2
1.600000,325.938891,0.503937,2
1.610000,325.938891,0.503937,2
1.620000,325.938891,0.503937,2
1.630000,325.938891,0.503937,2
1.640000,325.938891,0.503937,2
1.650000,325.938891,0.503937,2
1.660000,325.938891,0.503937,2
1.670000,325.938891,0.503937,2
1.680000,325.938891,0.503937,2
1.690000,325.938891,0.503937,2
1.700000,325.938891,0.503937,2
1.710000,325.938891,0.503937,2
1.720000,325.938891,0.503937,2
1.730000,325.938891,0.503937,2
1.740000,325.938891,0.503937,2
1.750000,325.938891,0.503937,2
1.760000,325.938891,0.503937,2
1.770000,325.938891,0.503937,2
1.780000,325.938891,0.503937,2
1.790000,325.938891,0.503937,2
1.800000,325.938891,0.503937,2
1.810000,325.938891,0.503937,2
1.820000,325.938891,0.503937,2
1.830000,325.938891,0.503937,2
1.840000,325.938891,0.503937,2
1.850000,325.938891,0.503937,2
1.860000,325.938891,0.503937,2
1.870000,325.938891,0.503937,2
1.880000,325.938891,0.503937,2
1.890000,325.938891,0.503937,2
1.900000,325.938891,0.503937,2
1.910000,325.938891,0.503937,2
1.920000,325.938891,0.503937,2
1.930000,325.938891,0.503937,2
1.940000,325.938891,0.503937,2
1.950000,325.938891,0.503937,2
1.960000,325.938891,0.503937,2
1.970000,325.938891,0.503937,2
1.980000,325.938891,0.503937,2
1.990000,325.938891,0.503937,2
2.000000,325.938891,0.503937,2
2.010000,325.938891,0.503937,2
2.020000,325.938891,0.503937,2
2.030000,325.938891,0.503937,2
2.040000,325.938891,0.503937,2
2.050000,325.938891,0.503937,2
2.060000,325.938891,0.503937,2
2.070000,325.938891,0.503937,2
2.080000,325.938891,0.503937,2
2.090000,325.938891,0.503937,2
2.100000,325.938891,0.503937,2
2.110000,325.938891,0.503937,2
2.120000,325.938891,0.503937,2
2.130000,325.938891,0.503937,2
2.140000,325.938891,0.503937,2
2.150000,325.938891,0.503937,2
2.160000,325.938891,0.503937,2
2.170000,325.938891,0.503937,2
2.180000,325.938891,0.503937,2
2.190000,325.938891,0.503937,2
2.200000,325.938891,0.503937,2
2.210000,325.938891,0.503937,2
2.220000,325.938891,0.503937,2
2.230000,325.938891,0.503937,2
2.240000,325.938891,0.503937,2
2.250000,325.938891,0.503937,2
2.260000,325.938891,0.503937,2
2.270000,325.938891,0.503937,2
2.280000,325.938891,0.503937,2
2.290000,325.938891,0.503937,2
2.300000,325.938891,0.503937,2
2.310000,325.938891,0.503937,2
2.320000,325.938891,0.503937,2
2.330000,325.938891,0.503937,2
2.340000,325.938891,0.503937,2
2.350000,325.938891,0.503937,2
2.360000,325.938891,0.503937,2
2.370000,325.938891,0.503937,2
2.380000,325.938891,0.503937,2
2.390000,325.938891,0.503937,2
2.400000,325.938891,0.503937,2
2.410000,325.938891,0.503937,2
2.420000,325.938891,0.503937,2
2.430000,325.938891,0.503937,2
2.440000,325.938891,0.503937,2
2.450000,325.938891,0.503937,2
2.460000,325.938891,0.503937,2
2.470000,325.938891,0.503937,2
2.480000,325.938891,0.503937,2
2.490000,325.938891,0.503937,2
2.500000,325.938891,0.503937,2
2.510000,325.938891,0.503937,2
2.520000,325.938891,0.503937,2
2.530000,325.938891,0.503937,2
2.540000,325.938891,0.503937,2
2.550000,325.938891,0.503937,2
2.560000,325.938891,0.503937,2
2.570000,325.938891,0.503937,2
2.580000,325.938891,0.503937,2
2.590000,325.938891,0.503937,2
2.600000,325.938891,0.503937,2
2.610000,325.938891,0.503937,2
2.620000,325.938891,0.503937,2
2.630000,325.938891,0.503937,2
2.640000,325.938891,0.503937,2
2.650000,325.938891,0.503937,2
2.660000,325.938891,0.503937,2
2.670000,325.938891,0.503937,2
2.680000,325.938891,0.503937,2
2.690000,325.938891,0.503937,2
2.700000,325.938891,0.503937,2
2.710000,325.938891,0.503937,2
2.720000,325.938891,0.503937,2
2.730000,325.938891,0.503937,2
2.740000,325.938891,0.503937,2
2.750000,325.938891,0.503937,2
2.760000,325.938891,0.503937,2
2.770000,325.938891,0.503937,2
2.780000,325.938891,0.503937,2
2.790000,325.938891,0.503937,2
2.800000,325.938891,0.503937,2
2.810000,325.938891,0.503937,2
2.820000,325.938891,0.503937,2
2.830000,325.938891,0.503937,2
2.840000,325.938891,0.503937,2
2.850000,325.938891,0.503937,2
2.860000,325.938891,0.503937,2
2.870000,325.938891,0.503937,2
2.880000,325.938891,0.503937,2
2.890000,325.938891,0.503937,2
2.900000,325.938891,0.503937,2
2.910000,325.938891,0.503937,2
2.920000,325.938891,0.503937,2
2.930000,325.938891,0.503937,2
2.931250,329.627557,0.000000,2
4.000000,329.627557,0.503937,2
4.010000,329.627557,0.503937,2
4.020000,329.627557,0.503937,2
4.030000,329.627557,0.503937,2
4.040000,329.627557,0.503937,2
4.050000,329.627557,0.503937,2
4.060000,329.627557,0.503937,2
4.070000,329.627557,0.503937,2
4.080000,329.627557,0.503937,2
4.090000,329.627557,0.503937,2
4.100000,329.627557,0.503937,2
4.110000,329.627557,0.503937,2
4.120000,329.627557,0.503937,2
4.130000,329.627557,0.503937,2
4.140000,329.627557,0.503937,2
4.150000,329.627557,0.503937,2
4.160000,329.627557,0.503937,2
4.170000,329.627557,0.503937,2
4.180000,329.627557,0.503937,2
4.190000,329.627557,0.503937,2
4.200000,329.627557,0.503937,2
4.210000,329.627557,0.503937,2
4.220000,329.627557,0.503937,2
4.230000,329.627557,0.503937,2
4.240000,329.627557,0.503937,2
4.250000,329.627557,0.503937,2
4.260000,329.627557,0.503937,2
4.270000,329.627557,0.503937,2
4.280000,329.627557,0.503937,2
4.290000,329.627557,0.503937,2
4.300000,329.627557,0.503937,2
4.310000,329.627557,0.503937,2
4.320000,329.627557,0.503937,2
4.330000,329.627557,0.503937,2
4.340000,329.627557,0.503937,2
4.350000,329.627557,0.503937,2
4.360000,329.627557,0.503937,2
4.370000,329.627557,0.503937,2
4.380000,329.627557,0.503937,2
4.390000,329.627557,0.503937,2
4.400000,329.627557,0.503937,2
4.410000,329.627557,0.503937,2
4.420000,329.627557,0.503937,2
4.430000,329.627557,0.503937,2
4.440000,329.627557,0.503937,2
4.450000,329.627557,0.503937,2
4.460000,329.627557,0.503937,2
4.470000,329.627557,0.503937,2
4.480000,329.627557,0.503937,2
4.490000,329.627557,0.503937,2
4.500000,329.627557,0.503937,2
4.510000,329.627557,0.503937,2
4.520000,329.627557,0.503937,2
4.530000,329.627557,0.503937,2
4.540000,329.627557,0.503937,2
4.550000,329.627557,0.503937,2
4.560000,329.627557,0.503937,2
4.570000,329.627557,0.503937,2
4.580000,329.627557,0.503937,2
4.590000,329.627557,0.503937,2
4.600000,329.627557,0.503937,2
4.610000,329.627557,0.503937,2
4.620000,329.627557,0.503937,2
4.630000,329.627557,0.503937,2
4.640000,329.627557,0.503937,2
4.650000,329.627557,0.503937,2
4.660000,329.627557,0.503937,2
4.670000,329.627557,0.503937,2
4.680000,329.627557,0.503937,2
4.690000,329.627557,0.503937,2
4.700000,329.627557,0.503937,2
4.710000,329.627557,0.503937,2
4.720000,329.627557,0.503937,2
4.730000,329.627557,0.503937,2
4.740000,329.627557,0.503937,2
4.750000,329.627557,0.503937,2
4.760000,329.627557,0.503937,2
4.770000,329.627557,0.503937,2
4.780000,329.627557,0.503937,2
4.790000,329.627557,0.503937,2
4.800000,329.627557,0.503937,2
4.810000,329.627557,0.503937,2
4.820000,329.627557,0.503937,2
4.830000,329.627557,0.503937,2
4.840000,329.627557,0.503937,2
4.850000,329.627557,0.503937,2
4.860000,329.627557,0.503937,2
4.870000,329.627557,0.503937,2
4.880000,329.627557,0.503937,2
4.890000,329.627557,0.503937,2
4.900000,329.627557,0.503937,2
4.910000,329.627557,0.503937,2
4.920000,329.627557,0.503937,2
4.930000,329.627557,0.503937,2
4.940000,329.627557,0.503937,2
4.950000,329.627557,0.503937,2
4.960000,329.627557,0.503937,2
4.970000,329.627557,0.503937,2
4.980000,329.627557,0.503937,2
4.990000,329.627557,0.503937,2
5.000000,329.627557,0.503937,2
5.010000,329.627557,0.503937,2
5.020000,329.627557,0.503937,2
5.030000,329.627557,0.503937,2
5.040000,329.627557,0.503937,2
5.050000,329.627557,0.503937,2
5.060000,329.627557,0.503937,2
5.070000,329.627557,0.503937,2
5.080000,329.627557,0.503937,2
5.090000,329.627557,0.503937,2
5.100000,329.627557,0.503937,2
5.110000,329.627557,0.503937,2
5.120000,329.627557,0.503937,2
5.130000,329.627557,0.503937,2
5.140000,329.627557,0.503937,2
5.150000,329.627557,0.503937,2
5.160000,329.627557,0.503937,2
5.170000,329.627557,0.503937,2
5.180000,329.627557,0.503937,2
5.190000,329.627557,0.503937,2
5.200000,329.627557,0.503937,2
5.210000,329.627557,0.503937,2
5.220000,329.627557,0.503937,2
5.230000,329.627557,0.503937,2
5.240000,329.627557,0.503937,2
5.250000,329.627557,0.503937,2
5.260000,329.627557,0.503937,2
5.270000,329.627557,0.503937,2
5.280000,329.627557,0.503937,2
5.290000,329.627557,0.503937,2
5.300000,329.627557,0.503937,2
5.310000,329.627557,0.503937,2
5.320000,329.627557,0.503937,2
5.330000,329.627557,0.503937,2
5.340000,329.627557,0.503937,2
5.350000,329.627557,0.503937,2
5.360000,329.627557,0.503937,2
5.370000,329.627557,0.503937,2
5.380000,329.627557,0.503937,2
5.390000,329.627557,0.503937,2
5.400000,329.627557,0.503937,2
5.410000,329.627557,0.503937,2
5.420000,329.627557,0.503937,2
5.430000,329.627557,0.503937,2
5.440000,329.627557,0.503937,2
5.450000,329.627557,0.503937,2
5.460000,329.627557,0.503937,2
5.470000,329.627557,0.503937,2
5.480000,329.627557,0.503937,2
5.490000,329.627557,0.503937,2
5.500000,329.627557,0.503937,2
5.510000,329.627557,0.503937,2
5.520000,329.627557,0.503937,2
5.530000,329.627557,0.503937,2
5.540000,329.627557,0.503937,2
5.550000,329.627557,0.503937,2
5.560000,329.627557,0.503937,2
5.570000,329.627557,0.503937,2
5.580000,329.627557,0.503937,2
5.590000,329.627557,0.503937,2
5.600000,329.627557,0.503937,2
5.610000,329.627557,0.503937,2
5.620000,329.627557,0.503937,2
5.630000,329.627557,0.503937,2
5.640000,329.627557,0.503937,2
5.650000,329.627557,0.503937,2
5.660000,329.627557,0.503937,2
5.670000,329.627557,0.503937,2
5.680000,329.627557,0.503937,2
5.690000,329.627557,0.503937,2
5.700000,329.627557,0.503937,2
5.710000,329.627557,0.503937,2
5.720000,329.627557,0.503937,2
5.730000,329.627557,0.503937,2
5.740000,329.627557,0.503937,2
5.750000,329.627557,0.503937,2
5.760000,329.627557,0.503937,2
5.770000,329.627557,0.503937,2
5.780000,329.627557,0.503937,2
5.790000,329.627557,0.503937,2
5.800000,329.627557,0.503937,2
5.810000,329.627557,0.503937,2
5.820000,329.627557,0.503937,2
5.830000,329.627557,0.503937,2
5.840000,329.627557,0.503937,2
5.850000,329.627557,0.503937,2
5.860000,329.627557,0.503937,2
5.870000,329.627557,0.503937,2
5.880000,329.627557,0.503937,2
5.890000,329.627557,0.503937,2
5.900000,329.627557,0.503937,2
5.910000,329.627557,0.503937,2
5.920000,329.627557,0.503937,2
5.930000,329.627557,0.503937,2
5.940000,329.627557,0.503937,2
5.950000,329.627557,0.503937,2
5.960000,329.627557,0.503937,2
5.970000,329.627557,0.503937,2
5.980000,329.627557,0.503937,2
5.990000,329.627557,0.503937,2
6.000000,329.627557,0.503937,2
6.010000,329.627557,0.503937,2
6.020000,329.627557,0.503937,2
6.030000,329.627557,0.503937,2
6.040000,329.627557,0.503937,2
6.050000,329.627557,0.503937,2
6.060000,329.627557,0.503937,2
6.070000,329.627557,0.503937,2
6.080000,329.627557,0.503937,2
6.090000,329.627557,0.503937,2
6.100000,329.627557,0.503937,2
6.110000,329.627557,0.503937,2
6.120000,329.627557,0.503937,2
6.130000,329.627557,0.503937,2
6.140000,329.627557,0.503937,2
6.150000,329.627557,0.503937,2
6.160000,329.627557,0.503937,2
6.170000,329.627557,0.503937,2
6.180000,329.627557,0.503937,2
6.190000,329.627557,0.503937,2
6.200000,329.627557,0.503937,2
6.210000,329.627557,0.503937,2
6.220000,329.627557,0.503937,2
6.230000,329.627557,0.503937,2
6.240000,329.627557,0.503937,2
6.250000,329.627557,0.503937,2
6.260000,329.627557,0.503937,2
6.270000,329.627557,0.503937,2
6.280000,329.627557,0.503937,2
6.290000,329.627557,0.503937,2
6.300000,329.627557,0.503937,2
6.310000,329.627557,0.503937,2
6.320000,329.627557,0.503937,2
6.330000,329.627557,0.503937,2
6.340000,329.627557,0.503937,2
6.350000,329.627557,0.503937,2
6.360000,329.627557,0.503937,2
6.370000,329.627557,0.503937,2
6.380000,329.627557,0.503937,2
6.390000,329.627557,0.503937,2
6.400000,329.627557,0.503937,2
6.410000,329.627557,0.503937,2
6.420000,329.627557,0.503937,2
6.430000,329.627557,0.503937,2
6.440000,329.627557,0.503937,2
6.450000,329.627557,0.503937,2
6.460000,329.627557,0.503937,2
6.470000,329.627557,0.503937,2
6.480000,329.627557,0.503937,2
6.490000,329.627557,0.503937,2
6.500000,329.627557,0.503937,2
6.510000,329.627557,0.503937,2
6.520000,329.627557,0.503937,2
6.530000,329.627557,0.503937,2
6.540000,329.627557,0.503937,2
6.550000,329.627557,0.503937,2
6.560000,329.627557,0.503937,2
6.570000,329.627557,0.503937,2
6.580000,329.627557,0.503937,2
6.590000,329.627557,0.503937,2
6.600000,329.627557,0.503937,2
6.610000,329.627557,0.503937,2
6.620000,329.627557,0.503937,2
6.630000,329.627557,0.503937,2
6.640000,329.627557,0.503937,2
6.650000,329.627557,0.503937,2
6.660000,329.627557,0.503937,2
6.670000,329.627557,0.503937,2
6.680000,329.627557,0.503937,2
6.690000,329.627557,0.503937,2
6.700000,329.627557,0.503937,2
6.710000,329.627557,0.503937,2
6.720000,329.627557,0.503937,2
6.730000,329.627557,0.503937,2
6.740000,329.627557,0.503937,2
6.750000,329.627557,0.503937,2
6.760000,329.627557,0.503937,2
6.770000,329.627557,0.503937,2
6.780000,329.627557,0.503937,2
6.790000,329.627557,0.503937,2
6.800000,329.627557,0.503937,2
6.810000,329.627557,0.503937,2
6.820000,329.627557,0.503937,2
6.830000,329.627557,0.503937,2
6.840000,329.627557,0.503937,2
6.850000,329.627557,0.503937,2
6.860000,329.627557,0.503937,2
6.870000,329.627557,0.503937,2
6.880000,329.627557,0.503937,2
6.890000,329.627557,0.503937,2
6.900000,329.627557,0.503937,2
6.910000,329.627557,0.503937,2
6.920000,329.627557,0.503937,2
6.930000,329.627557,0.503937,2
6.933333,329.627557,0.000000,2
0.000000,261.625565,0.503937,3
0.000000,260.741588,0.503937,3
0.010000,260.741588,0.503937,3
0.020000,260.741588,0.503937,3
0.030000,260.741588,0.503937,3
0.040000,260.741588,0.503937,3
0.050000,260.741588,0.503937,3
0.060000,260.741588,0.503937,3
0.070000,260.741588,0.503937,3
0.080000,260.741588,0.503937,3
0.090000,260.741588,0.503937,3
0.100000,260.741588,0.503937,3
0.110000,260.741588,0.503937,3
0.120000,260.741588,0.503937,3
0.130000,260.741588,0.503937,3
0.140000,260.741588,0.503937,3
0.150000,260.741588,0.503937,3
0.160000,260.741588,0.503937,3
0.170000,260.741588,0.503937,3
0.180000,260.741588,0.503937,3
0.190000,260.741588,0.503937,3
0.200000,260.741588,0.503937,3
0.210000,260.741588,0.503937,3
0.220000,260.741588,0.503937,3
0.230000,260.741588,0.503937,3
0.240000,260.741588,0.503937,3
0.250000,260.741588,0.503937,3
0.260000,260.741588,0.503937,3
0.270000,260.741588,0.503937,3
0.280000,260.741588,0.503937,3
0.290000,260.741588,0.503937,3
0.300000,260.741588,0.503937,3
0.310000,260.741588,0.503937,3
0.320000,260.741588,0.503937,3
0.330000,260.741588,0.503937,3
0.340000,260.741588,0.503937,3
0.350000,260.741588,0.503937,3
0.360000,260.741588,0.503937,3
0.370000,260.741588,0.503937,3
0.380000,260.741588,0.503937,3
0.390000,260.741588,0.503937,3
0.400000,260.741588,0.503937,3
0.410000,260.741588,0.503937,3
0.420000,260.741588,0.503937,3
0.430000,260.741588,0.503937,3
0.440000,260.741588,0.503937,3
0.450000,260.741588,0.503937,3
0.460000,260.741588,0.503937,3
0.470000,260.741588,0.503937,3
0.480000,260.741588,0.503937,3
0.490000,260.741588,0.503937,3
0.500000,260.741588,0.503937,3
0.510000,260.741588,0.503937,3
0.520000,260.741588,0.503937,3
0.530000,260.741588,0.503937,3
0.540000,260.741588,0.503937,3
0.550000,260.741588,0.503937,3
0.560000,260.741588,0.503937,3
0.570000,260.741588,0.503937,3
0.580000,260.741588,0.503937,3
0.590000,260.741588,0.503937,3
0.600000,260.741588,0.503937,3
0.610000,260.741588,0.503937,3
0.620000,260.741588,0.503937,3
0.630000,260.741588,0.503937,3
0.640000,260.741588,0.503937,3
0.650000,260.741588,0.503937,3
0.660000,260.741588,0.503937,3
0.670000,260.741588,0.503937,3
0.680000,260.741588,0.503937,3
0.690000,260.741588,0.503937,3
0.700000,260.741588,0.503937,3
0.710000,260.741588,0.503937,3
0.720000,260.741588,0.503937,3
0.730000,260.741588,0.503937,3
0.740000,260.741588,0.503937,3
0.750000,260.741588,0.503937,3
0.760000,260.741588,0.503937,3
0.770000,260.741588,0.503937,3
0.780000,260.741588,0.503937,3
0.790000,260.741588,0.503937,3
0.800000,260.741588,0.503937,3
0.810000,260.741588,0.503937,3
0.820000,260.741588,0.503937,3
0.830000,260.741588,0.503937,3
0.840000,260.741588,0.503937,3
0.850000,260.741588,0.503937,3
0.860000,260.741588,0.503937,3
0.870000,260.741588,0.503937,3
0.880000,260.741588,0.503937,3
0.890000,260.741588,0.503937,3
0.900000,260.741588,0.503937,3
0.910000,260.741588,0.503937,3
0.920000,260.741588,0.503937,3
0.930000,260.741588,0.503937,3
0.940000,260.741588,0.503937,3
0.950000,260.741588,0.503937,3
0.960000,260.741588,0.503937,3
0.970000,260.741588,0.503937,3
0.980000,260.741588,0.503937,3
0.990000,260.741588,0.503937,3
1.000000,260.741588,0.503937,3
1.010000,260.741588,0.503937,3
1.020000,260.741588,0.503937,3
1.030000,260.741588,0.503937,3
1.040000,260.741588,0.503937,3
1.050000,260.741588,0.503937,3
1.060000,260.741588,0.503937,3
1.070000,260.741588,0.503937,3
1.080000,260.741588,0.503937,3
1.090000,260.741588,0.503937,3
1.100000,260.741588,0.503937,3
1.110000,260.741588,0.503937,3
1.120000,260.741588,0.503937,3
1.130000,260.741588,0.503937,3
1.140000,260.741588,0.503937,3
1.150000,260.741588,0.503937,3
1.160000,260.741588,0.503937,3
1.170000,260.741588,0.503937,3
1.180000,260.741588,0.503937,3
1.190000,260.741588,0.503937,3
1.200000,260.741588,0.503937,3
1.210000,260.741588,0.503937,3
1.220000,260.741588,0.503937,3
1.230000,260.741588,0.503937,3
1.240000,260.741588,0.503937,3
1.250000,260.741588,0.503937,3
1.260000,260.741588,0.503937,3
1.270000,260.741588,0.503937,3
1.280000,260.741588,0.503937,3
1.290000,260.741588,0.503937,3
1.300000,260.741588,0.503937,3
1.310000,260.741588,0.503937,3
1.320000,260.741588,0.503937,3
1.330000,260.741588,0.503937,3
1.340000,260.741588,0.503937,3
1.350000,260.741588,0.503937,3
1.360000,260.741588,0.503937,3
1.370000,260.741588,0.503937,3
1.380000,260.741588,0.503937,3
1.390000,260.741588,0.503937,3
1.400000,260.741588,0.503937,3
1.410000,260.741588,0.503937,3
1.420000,260.741588,0.503937,3
1.430000,260.741588,0.503937,3
1.440000,260.741588,0.503937,3
1.450000,260.741588,0.503937,3
1.460000,260.741588,0.503937,3
1.470000,260.741588,0.503937,3
1.480000,260.741588,0.503937,3
1.490000,260.741588,0.503937,3
1.500000,260.741588,0.503937,3
1.510000,260.741588,0.503937,3
1.520000,260.741588,0.503937,3
1.530000,260.741588,0.503937,3
1.540000,260.741588,0.503937,3
1.550000,260.741588,0.503937,3
1.560000,260.741588,0.503937,3
1.570000,260.741588,0.503937,3
1.580000,260.741588,0.503937,3
1.590000,260.741588,0.503937,3
1.600000,260.741588,0.503937,3
1.610000,260.741588,0.503937,3
1.620000,260.741588,0.503937,3
1.630000,260.741588,0.503937,3
1.640000,260.741588,0.503937,3
1.650000,260.741588,0.503937,3
1.660000,260.741588,0.503937,3
1.670000,260.741588,0.503937,3
1.680000,260.741588,0.503937,3
1.690000,260.741588,0.503937,3
1.700000,260.741588,0.503937,3
1.710000,260.741588,0.503937,3
1.720000,260.741588,0.503937,3
1.730000,260.741588,0.503937,3
1.740000,260.741588,0.503937,3
1.750000,260.741588,0.503937,3
1.760000,260.741588,0.503937,3
1.770000,260.741588,0.503937,3
1.780000,260.741588,0.503937,3
1.790000,260.741588,0.503937,3
1.800000,260.741588,0.503937,3
1.810000,260.741588,0.503937,3
1.820000,260.741588,0.503937,3
1.830000,260.741588,0.503937,3
1.840000,260.741588,0.503937,3
1.850000,260.741588,0.503937,3
1.860000,260.741588,0.503937,3
1.870000,260.741588,0.503937,3
1.880000,260.741588,0.503937,3
1.890000,260.741588,0.503937,3
1.900000,260.741588,0.503937,3
1.910000,260.741588,0.503937,3
1.920000,260.741588,0.503937,3
1.930000,260.741588,0.503937,3
1.940000,260.741588,0.503937,3
1.950000,260.741588,0.503937,3
1.960000,260.741588,0.503937,3
1.970000,260.741588,0.503937,3
1.980000,260.741588,0.503937,3
1.990000,260.741588,0.503937,3
2.000000,260.741588,0.503937,3
2.010000,260.741588,0.503937,3
2.020000,260.741588,0.503937,3
2.030000,260.741588,0.503937,3
2.040000,260.741588,0.503937,3
2.050000,260.741588,0.503937,3
2.060000,260.741588,0.503937,3
2.070000,260.741588,0.503937,3
2.080000,260.741588,0.503937,3
2.090000,260.741588,0.503937,3
2.100000,260.741588,0.503937,3
2.110000,260.741588,0.503937,3
2.120000,260.741588,0.503937,3
2.130000,260.741588,0.503937,3
2.140000,260.741588,0.503937,3
2.150000,260.741588,0.503937,3
2.160000,260.741588,0.503937,3
2.170000,260.741588,0.503937,3
2.180000,260.741588,0.503937,3
2.190000,260.741588,0.503937,3
2.200000,260.741588,0.503937,3
2.210000,260.741588,0.503937,3
2.220000,260.741588,0.503937,3
2.230000,260.741588,0.503937,3
2.240000,260.741588,0.503937,3
2.250000,260.741588,0.503937,3
2.260000,260.741588,0.503937,3
2.270000,260.741588,0.503937,3
2.280000,260.741588,0.503937,3
2.290000,260.741588,0.503937,3
2.300000,260.741588,0.503937,3
2.310000,260.741588,0.503937,3
2.320000,260.741588,0.503937,3
2.330000,260.741588,0.503937,3
2.340000,260.741588,0.503937,3
2.350000,260.741588,0.503937,3
2.360000,260.741588,0.503937,3
2.370000,260.741588,0.503937,3
2.380000,260.741588,0.503937,3
2.390000,260.741588,0.503937,3
2.400000,260.741588,0.503937,3
2.410000,260.741588,0.503937,3
2.420000,260.741588,0.503937,3
2.430000,260.741588,0.503937,3
2.440000,260.741588,0.503937,3
2.450000,260.741588,0.503937,3
2.460000,260.741588,0.503937,3
2.470000,260.741588,0.503937,3
2.480000,260.741588,0.503937,3
2.490000,260.741588,0.503937,3
2.500000,260.741588,0.503937,3
2.510000,260.741588,0.503937,3
2.520000,260.741588,0.503937,3
2.530000,260.741588,0.503937,3
2.540000,260.741588,0.503937,3
2.550000,260.741588,0.503937,3
2.560000,260.741588,0.503937,3
2.570000,260.741588,0.503937,3
2.580000,260.741588,0.503937,3
2.590000,260.741588,0.503937,3
2.600000,260.741588,0.503937,3
2.610000,260.741588,0.503937,3
2.620000,260.741588,0.503937,3
2.630000,260.741588,0.503937,3
2.640000,260.741588,0.503937,3
2.650000,260.741588,0.503937,3
2.660000,260.741588,0.503937,3
2.670000,260.741588,0.503937,3
2.680000,260.741588,0.503937,3
2.690000,260.741588,0.503937,3
2.700000,260.741588,0.503937,3
2.710000,260.741588,0.503937,3
2.720000,260.741588,0.503937,3
2.730000,260.741588,0.503937,3
2.740000,260.741588,0.503937,3
2.750000,260.741588,0.503937,3
2.760000,260.741588,0.503937,3
2.770000,260.741588,0.503937,3
2.780000,260.741588,0.503937,3
2.790000,260.741588,0.503937,3
2.800000,260.741588,0.503937,3
2.810000,260.741588,0.503937,3
2.820000,260.741588,0.503937,3
2.830000,260.741588,0.503937,3
2.840000,260.741588,0.503937,3
2.850000,260.741588,0.503937,3
2.860000,260.741588,0.503937,3
2.870000,260.741588,0.503937,3
2.880000,260.741588,0.503937,3
2.890000,260.741588,0.503937,3
2.900000,260.741588,0.503937,3
2.910000,260.741588,0.503937,3
2.918750,261.625565,0.000000,3
4.000000,261.625565,0.503937,3
4.000000,260.741588,0.503937,3
4.010000,261.625565,0.503937,3
4.020000,261.625565,0.503937,3
4.030000,261.625565,0.503937,3
4.040000,261.625565,0.503937,3
4.050000,261.625565,0.503937,3
4.060000,261.625565,0.503937,3
4.070000,261.625565,0.503937,3
4.080000,261.625565,0.503937,3
4.090000,261.625565,0.503937,3
4.100000,261.625565,0.503937,3
4.110000,261.625565,0.503937,3
4.120000,261.625565,0.503937,3
4.130000,261.625565,0.503937,3
4.140000,261.625565,0.503937,3
4.150000,261.625565,0.503937,3
4.160000,261.625565,0.503937,3
4.170000,261.625565,0.503937,3
4.180000,261.625565,0.503937,3
4.190000,261.625565,0.503937,3
4.200000,261.625565,0.503937,3
4.210000,261.625565,0.503937,3
4.220000,261.625565,0.503937,3
4.230000,261.625565,0.503937,3
4.240000,261.625565,0.503937,3
4.250000,261.625565,0.503937,3
4.260000,261.625565,0.503937,3
4.270000,261.625565,0.503937,3
4.280000,261.625565,0.503937,3
4.290000,261.625565,0.503937,3
4.300000,261.625565,0.503937,3
4.310000,261.625565,0.503937,3
4.320000,261.625565,0.503937,3
4.330000,261.625565,0.503937,3
4.340000,261.625565,0.503937,3
4.350000,261.625565,0.503937,3
4.360000,261.625565,0.503937,3
4.370000,261.625565,0.503937,3
4.380000,261.625565,0.503937,3
4.390000,261.625565,0.503937,3
4.400000,261.625565,0.503937,3
4.410000,261.625565,0.503937,3
4.420000,261.625565,0.503937,3
4.430000,261.625565,0.503937,3
4.440000,261.625565,0.503937,3
4.450000,261.625565,0.503937,3
4.460000,261.625565,0.503937,3
4.470000,261.625565,0.503937,3
4.480000,261.625565,0.503937,3
4.490000,261.625565,0.503937,3
4.500000,261.625565,0.503937,3
4.510000,261.625565,0.503937,3
4.520000,261.625565,0.503937,3
4.530000,261.625565,0.503937,3
4.540000,261.625565,0.503937,3
4.550000,261.625565,0.503937,3
4.560000,261.625565,0.503937,3
4.570000,261.625565,0.503937,3
4.580000,261.625565,0.503937,3
4.590000,261.625565,0.503937,3
4.600000,261.625565,0.503937,3
4.610000,261.625565,0.503937,3
4.620000,261.625565,0.503937,3
4.630000,261.625565,0.503937,3
4.640000,261.625565,0.503937,3
4.650000,261.625565,0.503937,3
4.660000,261.625565,0.503937,3
4.670000,261.625565,0.503937,3
4.680000,261.625565,0.503937,3
4.690000,261.625565,0.503937,3
4.700000,261.625565,0.503937,3
4.710000,261.625565,0.503937,3
4.720000,261.625565,0.503937,3
4.730000,261.625565,0.503937,3
4.740000,261.625565,0.503937,3
4.750000,261.625565,0.503937,3
4.760000,261.625565,0.503937,3
4.770000,261.625565,0.503937,3
4.780000,261.625565,0.503937,3
4.790000,261.625565,0.503937,3
4.800000,261.625565,0.503937,3
4.810000,261.625565,0.503937,3
4.820000,261.625565,0.503937,3
4.830000,261.625565,0.503937,3
4.840000,261.625565,0.503937,3
4.850000,261.625565,0.503937,3
4.860000,261.625565,0.503937,3
4.870000,261.625565,0.503937,3
4.880000,261.625565,0.503937,3
4.890000,261.625565,0.503937,3
4.900000,261.625565,0.503937,3
4.910000,261.625565,0.503937,3
4.920000,261.625565,0.503937,3
4.930000,261.625565,0.503937,3
4.940000,261.625565,0.503937,3
4.950000,261.625565,0.503937,3
4.960000,261.625565,0.503937,3
4.970000,261.625565,0.503937,3
4.980000,261.625565,0.503937,3
4.990000,261.625565,0.503937,3
5.000000,261.625565,0.503937,3
5.010000,261.625565,0.503937,3
5.020000,261.625565,0.503937,3
5.030000,261.625565,0.503937,3
5.040000,261.625565,0.503937,3
5.050000,261.625565,0.503937,3
5.060000,261.625565,0.503937,3
5.070000,261.625565,0.503937,3
5.080000,261.625565,0.503937,3
5.090000,261.625565,0.503937,3
5.100000,261.625565,0.503937,3
5.110000,261.625565,0.503937,3
5.120000,261.625565,0.503937,3
5.130000,261.625565,0.503937,3
5.140000,261.625565,0.503937,3
5.150000,261.625565,0.503937,3
5.160000,261.625565,0.503937,3
5.170000,261.625565,0.503937,3
5.180000,261.625565,0.503937,3
5.190000,261.625565,0.503937,3
5.200000,261.625565,0.503937,3
5.210000,261.625565,0.503937,3
5.220000,261.625565,0.503937,3
5.230000,261.625565,0.503937,3
5.240000,261.625565,0.503937,3
5.250000,261.625565,0.503937,3
5.260000,261.625565,0.503937,3
5.270000,261.625565,0.503937,3
5.280000,261.625565,0.503937,3
5.290000,261.625565,0.503937,3
5.300000,261.625565,0.503937,3
5.310000,261.625565,0.503937,3
5.320000,261.625565,0.503937,3
5.330000,261.625565,0.503937,3
5.340000,261.625565,0.503937,3
5.350000,261.625565,0.503937,3
5.360000,261.625565,0.503937,3
5.370000,261.625565,0.503937,3
5.380000,261.625565,0.503937,3
5.390000,261.625565,0.503937,3
5.400000,261.625565,0.503937,3
5.410000,261.625565,0.503937,3
5.420000,261.625565,0.503937,3
5.430000,261.625565,0.503937,3
5.440000,261.625565,0.503937,3
5.450000,261.625565,0.503937,3
5.460000,261.625565,0.503937,3
5.470000,261.625565,0.503937,3
5.480000,261.625565,0.503937,3
5.490000,261.625565,0.503937,3
5.500000,261.625565,0.503937,3
5.510000,261.625565,0.503937,3
5.520000,261.625565,0.503937,3
5.530000,261.625565,0.503937,3
5.540000,261.625565,0.503937,3
5.550000,261.625565,0.503937,3
5.560000,261.625565,0.503937,3
5.570000,261.625565,0.503937,3
5.580000,261.625565,0.503937,3
5.590000,261.625565,0.503937,3
5.600000,261.625565,0.503937,3
5.610000,261.625565,0.503937,3
5.620000,261.625565,0.503937,3
5.630000,261.625565,0.503937,3
5.640000,261.625565,0.503937,3
5.650000,261.625565,0.503937,3
5.660000,261.625565,0.503937,3
5.670000,261.625565,0.503937,3
5.680000,261.625565,0.503937,3
5.690000,261.625565,0.503937,3
5.700000,261.625565,0.503937,3
5.710000,261.625565,0.503937,3
5.720000,261.625565,0.503937,3
5.730000,261.625565,0.503937,3
5.740000,261.625565,0.503937,3
5.750000,261.625565,0.503937,3
5.760000,261.625565,0.503937,3
5.770000,261.625565,0.503937,3
5.780000,261.625565,0.503937,3
5.790000,261.625565,0.503937,3
5.800000,261.625565,0.503937,3
5.810000,261.625565,0.503937,3
5.820000,261.625565,0.503937,3
5.830000,261.625565,0.503937,3
5.840000,261.625565,0.503937,3
5.850000,261.625565,0.503937,3
5.860000,261.625565,0.503937,3
5.870000,261.625565,0.503937,3
5.880000,261.625565,0.503937,3
5.890000,261.625565,0.503937,3
5.900000,261.625565,0.503937,3
5.910000,261.625565,0.503937,3
5.920000,261.625565,0.503937,3
5.930000,261.625565,0.503937,3
5.940000,261.625565,0.503937,3
5.950000,261.625565,0.503937,3
5.960000,261.625565,0.503937,3
5.970000,261.625565,0.503937,3
5.980000,261.625565,0.503937,3
5.990000,261.625565,0.503937,3
6.000000,261.625565,0.503937,3
6.010000,261.625565,0.503937,3
6.020000,261.625565,0.503937,3
6.030000,261.625565,0.503937,3
6.040000,261.625565,0.503937,3
6.050000,261.625565,0.503937,3
6.060000,261.625565,0.503937,3
6.070000,261.625565,0.503937,3
6.080000,261.625565,0.503937,3
6.090000,261.625565,0.503937,3
6.100000,261.625565,0.503937,3
6.110000,261.625565,0.503937,3
6.120000,261.625565,0.503937,3
6.130000,261.625565,0.503937,3
6.140000,261.625565,0.503937,3
6.150000,261.625565,0.503937,3
6.160000,261.625565,0.503937,3
6.170000,261.625565,0.503937,3
6.180000,261.625565,0.503937,3
6.190000,261.625565,0.503937,3
6.200000,261.625565,0.503937,3
6.210000,261.625565,0.503937,3
6.220000,261.625565,0.503937,3
6.230000,261.625565,0.503937,3
6.240000,261.625565,0.503937,3
6.250000,261.625565,0.503937,3
6.260000,261.625565,0.503937,3
6.270000,261.625565,0.503937,3
6.280000,261.625565,0.503937,3
6.290000,261.625565,0.503937,3
6.300000,261.625565,0.503937,3
6.310000,261.625565,0.503937,3
6.320000,261.625565,0.503937,3
6.330000,261.625565,0.503937,3
6.340000,261.625565,0.503937,3
6.350000,261.625565,0.503937,3
6.360000,261.625565,0.503937,3
6.370000,261.625565,0.503937,3
6.380000,261.625565,0.503937,3
6.390000,261.625565,0.503937,3
6.400000,261.625565,0.503937,3
6.410000,261.625565,0.503937,3
6.420000,261.625565,0.503937,3
6.430000,261.625565,0.503937,3
6.440000,261.625565,0.503937,3
6.450000,261.625565,0.503937,3
6.460000,261.625565,0.503937,3
6.470000,261.625565,0.503937,3
6.480000,261.625565,0.503937,3
6.490000,261.625565,0.503937,3
6.500000,261.625565,0.503937,3
6.510000,261.625565,0.503937,3
6.520000,261.625565,0.503937,3
6.530000,261.625565,0.503937,3
6.540000,261.625565,0.503937,3
6.550000,261.625565,0.503937,3
6.560000,261.625565,0.503937,3
6.570000,261.625565,0.503937,3
6.580000,261.625565,0.503937,3
6.590000,261.625565,0.503937,3
6.600000,261.625565,0.503937,3
6.610000,261.625565,0.503937,3
6.620000,261.625565,0.503937,3
6.630000,261.625565,0.503937,3
6.640000,261.625565,0.503937,3
6.650000,261.625565,0.503937,3
6.660000,261.625565,0.503937,3
6.670000,261.625565,0.503937,3
6.680000,261.625565,0.503937,3
6.690000,261.625565,0.503937,3
6.700000,261.625565,0.503937,3
6.710000,261.625565,0.503937,3
6.720000,261.625565,0.503937,3
6.730000,261.625565,0.503937,3
6.740000,261.625565,0.503937,3
6.750000,261.625565,0.503937,3
6.760000,261.625565,0.503937,3
6.770000,261.625565,0.503937,3
6.780000,261.625565,0.503937,3
6.790000,261.625565,0.503937,3
6.800000,261.625565,0.503937,3
6.810000,261.625565,0.503937,3
6.820000,261.625565,0.503937,3
6.830000,261.625565,0.503937,3
6.840000,261.625565,0.503937,3
6.850000,261.625565,0.503937,3
6.860000,261.625565,0.503937,3
6.870000,261.625565,0.503937,3
6.880000,261.625565,0.503937,3
6.890000,261.625565,0.503937,3
6.900000,261.625565,0.503937,3
6.910000,261.625565,0.503937,3
6.920000,261.625565,0.503937,3
6.920833,261.625565,0.000000,3
